first_name,last_name,gender,state,age
Griffin,Ybarra,Male,Kentucky,87
Austin,McGrey,Male,Colorado,80
Dougy,Dettmar,Male,North Carolina,42
Robinson,Giorgioni,Male,California,29
Corinna,Daltrey,Female,Colorado,77
Dirk,Frango,Male,Washington,44
Terrill,Bussons,Male,California,52
Lyon,Jekel,Male,District of Columbia,19
Dorie,Piperley,Female,Arkansas,50
Carroll,Venus,Male,California,36
Roddie,Hasnip,Male,Texas,95
Calida,Powney,Female,Maryland,95
Leif,Anscombe,Bigender,Minnesota,20
Brynna,Wemyss,Female,Georgia,21
Jasmine,Haggata,Agender,Connecticut,60
Sofia,Ham,Female,District of Columbia,89
Conroy,Snare,Male,Arizona,66
Roddie,Clerk,Male,North Carolina,96
Costanza,Gegay,Female,Virginia,51
Shawn,Ramalhete,Agender,Minnesota,74
Candide,Savege,Female,Washington,48
Dario,Lockless,Male,Texas,81
Ariel,Frizell,Female,Indiana,55
Frants,Beharrell,Male,Iowa,100
Ranice,Colbridge,Female,Kentucky,54
Jerrine,Togwell,Agender,California,61
Querida,Widdicombe,Non-binary,Maryland,35
Panchito,Mouncher,Agender,New York,66
Bella,Charlo,Female,District of Columbia,48
Oona,Burne,Female,Texas,38
Caty,Whyke,Female,Florida,20
Mae,MacGhee,Female,California,43
Bern,Gorgler,Male,Indiana,38
Corbin,Sollitt,Male,Kentucky,85
Lucine,Fass,Female,Ohio,18
Lisetta,Bonds,Female,Texas,53
Syd,Dey,Male,New Jersey,54
Marilyn,Burvill,Female,Pennsylvania,95
Engelbert,Killick,Male,Georgia,18
Ranee,Heintsch,Female,California,86
Nappie,Laborda,Male,Ohio,22
Yancy,Drinkale,Male,Nevada,34
Dominga,Eyam,Female,Florida,68
Vernice,Oliveto,Genderfluid,New Jersey,84
Karolina,Bratty,Genderfluid,Texas,87
Myer,Glasson,Male,District of Columbia,88
Wanids,Wreak,Female,Washington,57
Othilie,Lavington,Female,California,100
Barnie,Ausher,Male,Texas,68
Francesca,Crayden,Female,Virginia,74
Domeniga,Geibel,Genderqueer,Alabama,54
Cathryn,Georgeon,Female,Idaho,16
Lydie,Stubbert,Female,Tennessee,83
Steven,O'Sharry,Male,Alabama,65
Reube,Stanway,Male,Colorado,81
Avrom,Clute,Male,Idaho,57
Montague,Goodhew,Male,California,74
Linda,Connick,Female,District of Columbia,84
Marya,Alen,Female,California,75
Morris,Wolpert,Male,Virginia,53
Harri,Bounds,Female,Iowa,21
Loreen,Sykes,Bigender,Connecticut,81
Trueman,Pedersen,Male,Virginia,63
Elly,Lundie,Female,Pennsylvania,58
Carolus,Brettelle,Male,North Carolina,33
Elisabetta,Eatttok,Female,Georgia,98
Vanny,Tantrum,Female,Louisiana,64
Burtie,Fisby,Bigender,Ohio,53
Marilin,Vlahos,Female,Illinois,29
Gothart,Screen,Male,California,76
Erik,Mercik,Male,Texas,54
Merrily,Antal,Female,Kentucky,57
Felicle,Imbrey,Female,Indiana,40
Cherin,Dransfield,Female,Minnesota,37
Donna,Bertolaccini,Female,Tennessee,32
Damon,Dodsworth,Male,Texas,70
Niki,Sprowson,Male,Texas,44
Nero,Ruggen,Male,New York,24
Rich,Coulman,Male,Pennsylvania,85
Cecil,Izkovitch,Genderqueer,Florida,19
Gibb,Durrell,Male,Iowa,60
Curt,Matzke,Male,Wisconsin,75
Ronny,Ponde,Male,Utah,60
Gusti,Preddle,Female,Florida,18
Helaine,Tregenna,Female,Texas,24
Nomi,Nisot,Female,California,24
Ryley,Strother,Male,Virginia,17
Boy,McKilroe,Male,Utah,72
Brodie,Selbach,Male,Pennsylvania,69
Ulrike,Cullivan,Female,Texas,52
Thorn,Bowmen,Male,California,32
Coretta,Verner,Female,Texas,61
Berty,Jodkowski,Female,Virginia,59
Cally,Doleman,Female,Oregon,37
Selig,Jeffry,Male,Oregon,73
Delmar,Barnwell,Male,Indiana,52
Smith,Gadsdon,Genderqueer,Texas,95
Theodora,Botte,Female,California,84
Keelby,Dabinett,Male,Colorado,61
Eldridge,Duplan,Male,Pennsylvania,63
Arda,Shearsby,Genderqueer,California,98
Natale,Spinnace,Male,District of Columbia,78
Marita,Bulley,Genderfluid,Alabama,25
Michal,Semken,Male,New York,57
Aurilia,Zambonini,Female,Ohio,65
Davey,Brocklebank,Male,Texas,73
Karry,Brugsma,Female,Louisiana,51
Jesse,Lackham,Male,Mississippi,83
Fay,Gallamore,Female,District of Columbia,90
Arlen,Barrell,Female,California,19
Chlo,Barfford,Female,Pennsylvania,45
Broddy,Baysting,Male,California,64
Lucien,Khristyukhin,Genderfluid,Texas,31
Bartel,Ilyushkin,Male,Illinois,36
Drugi,Gallety,Male,Texas,97
Alanna,Barneveld,Female,Texas,26
Kylila,Retallick,Female,Delaware,31
Elsey,Castella,Female,Texas,53
Carmon,Thal,Female,Kansas,91
Lynnea,MacLucais,Female,Florida,16
Fons,Bocken,Male,Arizona,53
Renie,Rabidge,Female,Indiana,47
Enriqueta,Bench,Female,Massachusetts,51
Mikol,Loughlin,Polygender,Louisiana,36
Thorny,Ferrillo,Bigender,Texas,100
Bondy,Sextone,Agender,Pennsylvania,74
Sharl,Drewes,Female,New York,100
Gustave,Perham,Male,Texas,74
Daryle,Rubi,Male,New York,42
Merrill,Cowper,Genderfluid,Montana,60
Darrin,Ginman,Male,Tennessee,28
Kenn,Allon,Male,New Jersey,32
Cully,Rosso,Male,Ohio,53
Imojean,Brownrigg,Female,West Virginia,60
Flory,Brumble,Male,New York,70
Gray,Swallow,Male,Florida,59
Ileane,Zannotelli,Polygender,Ohio,60
Jane,Pascho,Female,Pennsylvania,94
Shina,Wilbore,Female,Florida,50
Perrine,Pedreschi,Female,Tennessee,85
Findley,Davidovitz,Male,New Jersey,56
Sydelle,Dabes,Female,Virginia,23
Ganny,Tatershall,Male,Pennsylvania,61
Chancey,Donisi,Male,Wisconsin,54
Jarrid,Sambrook,Male,Massachusetts,91
Jeffie,Vink,Male,Washington,95
Tan,Pirdy,Genderqueer,New Jersey,27
Madalyn,Geerits,Female,New York,96
Barby,Sweeten,Female,Ohio,70
Kathi,Deuss,Female,Oklahoma,19
Tom,Clutheram,Male,Michigan,93
Elayne,Moens,Female,New Jersey,82
Malory,Caplin,Female,Kansas,85
Erwin,Tomasi,Male,District of Columbia,39
Lana,Ormistone,Female,Missouri,49
Jaquelyn,Crown,Female,District of Columbia,39
Malachi,Chesnay,Male,Texas,32
Kai,Powell,Female,Alabama,45
Nance,Jakeway,Female,New Hampshire,52
Koralle,Bissell,Female,Virginia,42
Brittni,Standish,Female,Illinois,61
Dallas,Shillaber,Female,Texas,71
Jozef,Newbatt,Male,Missouri,95
Etienne,Hartley,Male,New York,24
Sheilah,Maxweell,Female,Connecticut,77
Vanny,Sloane,Polygender,Virginia,77
Alvira,Gietz,Female,Virginia,96
Beniamino,Vickars,Male,Oklahoma,64
Lina,O'Finan,Female,California,21
Lanni,De Rechter,Female,Missouri,79
Bertrando,Lyman,Male,Kentucky,59
Cesya,Kirman,Female,Virginia,99
Rasla,Bruntje,Female,Idaho,48
Walden,Follett,Male,Connecticut,93
Mayne,LAbbet,Bigender,Florida,90
Aluino,Chisolm,Male,Georgia,19
Shirley,Bamsey,Bigender,South Carolina,71
Aldric,Jaray,Male,Tennessee,27
Hanny,Cyseley,Female,Louisiana,64
Chandal,Trudgian,Female,New Jersey,93
Zia,Willisch,Female,Kansas,32
Esdras,Tieraney,Male,Kentucky,96
Kennith,Kennaway,Male,Florida,58
Alastair,Killford,Genderfluid,Ohio,52
Karalee,State,Female,Massachusetts,28
Dewey,MacGarvey,Male,California,62
Kyle,Geratt,Male,Kentucky,31
Ardisj,Lorenzetto,Female,Illinois,58
Ferguson,Penniall,Male,Pennsylvania,70
Stewart,Danielsen,Male,Pennsylvania,42
Clerissa,Chalcot,Female,Florida,48
Alford,Olivetti,Male,California,65
Scotti,Sabberton,Male,Illinois,34
Benoit,Towell,Male,Texas,44
Kikelia,Blasetti,Female,Pennsylvania,90
Reine,Kinkaid,Female,California,42
Burlie,Pauletto,Male,Texas,29
Joshua,Worsalls,Male,Nevada,90
Kerrill,Gritsaev,Female,Minnesota,57
Ezequiel,Cunde,Male,Ohio,40
Zedekiah,Wharmby,Male,Washington,32
Maire,Conachy,Female,Colorado,27
Frayda,Germann,Female,Arizona,78
Elva,Whewell,Female,New York,19
Noami,Glading,Female,Mississippi,82
Mort,Durram,Genderqueer,South Carolina,98
Marlee,Canfield,Female,Oklahoma,56
Paige,Patey,Male,North Carolina,25
Elene,Corbert,Polygender,Wisconsin,21
Doy,Moule,Male,Arizona,92
Jeanne,Shadrack,Female,Pennsylvania,47
Benn,Ambroziak,Male,Ohio,82
Saw,Schulkins,Genderfluid,New Hampshire,34
Jarrett,Franzen,Male,Minnesota,25
Carmelle,Wrightson,Female,Florida,77
Darcy,Byars,Female,California,52
Natty,Dumbellow,Male,Texas,75
Mayor,Moseley,Male,District of Columbia,45
Marlon,Bolam,Male,Kentucky,23
Putnam,Caudelier,Male,Virginia,68
Liuka,McCready,Female,Oklahoma,46
Jeremias,Vamplus,Male,Louisiana,66
Alejandro,Enrico,Male,Connecticut,46
Zebadiah,Coxon,Male,Iowa,38
Reggie,Stickler,Female,Arizona,37
Vernon,Girod,Male,Ohio,82
Constantina,Gracey,Non-binary,Texas,25
Marsh,Stobbes,Male,Texas,52
Gibbie,Moralas,Male,Texas,79
Belicia,Medforth,Female,California,75
Dane,Corse,Male,Utah,36
Adriena,Barizeret,Female,Pennsylvania,82
Hinze,Feeney,Male,Illinois,91
Blanca,McQueen,Female,California,72
Stace,Woodcock,Female,California,73
Gustave,Jennery,Male,California,63
Jock,Hammatt,Male,Florida,66
Hedwiga,Fullilove,Female,District of Columbia,73
Todd,Mawby,Genderfluid,Pennsylvania,95
Cassey,Harling,Female,Texas,88
Faydra,Feary,Agender,New York,96
Luella,Wilbor,Non-binary,Arkansas,79
Gertie,Jahnel,Female,Ohio,42
Sabra,Branscombe,Female,South Carolina,97
Eleanora,Gristhwaite,Female,Texas,36
Loren,Skelly,Female,Colorado,39
Lilia,Aslum,Female,Arizona,78
Aeriell,MacCrosson,Female,California,77
Vitoria,Cockney,Female,Tennessee,61
Georgine,Mettricke,Female,Ohio,19
Mirna,Sutlieff,Female,Florida,25
Antons,Aleksankin,Male,Utah,25
Tobi,Corneliussen,Polygender,Louisiana,89
Rodolph,MacAlpin,Male,Washington,19
Annelise,Libri,Female,Alaska,62
Woody,Twiname,Male,Maryland,73
Mellisa,Biskupiak,Female,District of Columbia,63
Filberto,Dulieu,Male,Iowa,96
Janessa,Macia,Female,Mississippi,60
Gennie,Cozins,Female,Alabama,62
Curtis,Rickersy,Male,Florida,35
Georgeta,Southerden,Female,Alabama,75
Gipsy,Cestard,Female,New York,37
Brandyn,Peddar,Male,California,39
Gerik,Choules,Male,Ohio,18
Clayborn,Southby,Male,South Carolina,90
Carver,Hlavac,Male,North Carolina,37
Kaitlynn,Castilljo,Female,Florida,94
Gwenni,Bennitt,Female,Indiana,57
Alfonse,Ketch,Male,Maryland,17
Ethelyn,Livezley,Female,Pennsylvania,62
Cornall,Gregoire,Bigender,North Carolina,43
Harlin,Corbitt,Male,New York,42
Jeanna,Bentzen,Female,California,62
Barde,McNickle,Male,Indiana,40
Ayn,Acey,Female,Texas,55
Brucie,Flinders,Male,Georgia,100
Adina,Britten,Female,Virginia,69
Heinrick,Boydon,Male,California,41
Bearnard,Leppard,Male,Pennsylvania,43
Maximilian,Creed,Male,Virginia,78
Drusie,Wooddisse,Female,Iowa,47
Arlinda,Smooth,Female,Massachusetts,68
Nollie,Blees,Male,Florida,77
Jehu,Vere,Male,Virginia,54
Georgie,Lune,Male,Pennsylvania,71
Barney,Haddy,Male,New Mexico,86
Parsifal,Sach,Male,Alabama,66
Elyn,Elloway,Female,Oklahoma,93
Hugues,Beane,Male,Missouri,63
Mayne,Austing,Polygender,Oklahoma,71
Aloysius,Chape,Male,California,92
Nedi,Solon,Female,Montana,34
Ardith,Snawden,Female,Wisconsin,23
Ddene,Gaffney,Polygender,Alabama,90
Padgett,Cartlidge,Male,South Carolina,51
Tiffani,Grinvalds,Female,Texas,39
Liuka,Ashbey,Female,Texas,83
Orv,Cressor,Male,California,38
Timothy,Gallatly,Male,California,80
Caria,Bourne,Female,Ohio,99
Kelli,Frankton,Female,Virginia,92
Way,Eager,Male,Hawaii,39
Rosetta,Sholem,Female,Louisiana,25
Sofie,Farrans,Female,Massachusetts,95
Shurwood,Harradine,Male,California,90
Carmita,Guidera,Polygender,Alabama,94
Tamar,Childes,Female,North Carolina,30
Lou,Kunisch,Female,Virginia,62
Sharl,Valder,Genderfluid,Ohio,64
Gaile,Meiklejohn,Male,North Carolina,55
Daffy,Glasper,Female,Kansas,57
Courtenay,Kinner,Female,District of Columbia,46
Debora,Rawls,Female,Georgia,17
Antonie,Dutton,Female,Pennsylvania,95
Glennis,Rishbrook,Polygender,Wisconsin,97
Merle,Renfree,Male,Utah,42
Balduin,Duinkerk,Male,Michigan,87
Skippy,Ing,Non-binary,North Dakota,33
Hamnet,Purse,Male,California,66
Mercie,Worral,Female,Connecticut,82
Leopold,Mandal,Male,Utah,60
Hendrika,Gribbin,Female,California,29
Sigismundo,Mainz,Male,Arizona,94
Faydra,Hyam,Female,South Carolina,20
Frants,Duffell,Male,Florida,91
Aileen,Freeborne,Female,New York,19
Lauree,McKiddin,Female,Oregon,81
Frayda,Spoward,Female,District of Columbia,47
Dominic,Dowey,Male,New York,51
Liam,Salvati,Male,Indiana,27
Howie,Sondon,Male,North Carolina,70
Virge,Whettleton,Male,Michigan,55
Adams,McMahon,Bigender,Virginia,35
Sandro,Gansbuhler,Male,Texas,79
Yankee,Radleigh,Male,Michigan,69
Christabel,McAnalley,Female,California,23
Piper,Pedlar,Female,Kansas,63
Mabelle,Andrat,Female,Indiana,32
Giffy,Feron,Male,Louisiana,33
Baxie,Kepling,Male,Kentucky,67
Dane,Kersley,Male,Virginia,88
Hillie,Heinzel,Male,Texas,45
Corey,Summerlad,Female,New York,56
Teador,Malter,Male,Maryland,61
Minni,Clew,Female,Indiana,44
Nona,Busson,Female,Pennsylvania,87
Libbey,Mowatt,Female,Texas,83
Waylen,Passe,Male,Washington,96
Karyl,Legerton,Female,Louisiana,65
Oralie,Simkin,Female,Colorado,65
Tiphani,Collinge,Non-binary,Florida,47
Robbie,Walworth,Male,Arkansas,23
Callida,Hancorn,Female,Pennsylvania,90
Birk,Mottershead,Male,New York,18
Shayla,Rickard,Female,Arizona,94
Karlis,Fane,Male,Texas,36
Bartlet,Rouke,Male,Minnesota,95
Brian,Blanch,Genderqueer,Oklahoma,73
Lizabeth,Martins,Female,Michigan,19
Chad,Robbe,Female,Tennessee,58
Humfrey,Crossdale,Male,Texas,81
Quintina,Greenough,Female,Wisconsin,30
Mirella,Laminman,Female,Florida,77
Jeane,MacKerley,Female,Florida,92
Marc,McIlhatton,Non-binary,Kentucky,58
Willdon,Theodore,Male,New Mexico,40
Matthieu,Lobe,Male,District of Columbia,96
Georgette,Mazzeo,Female,Virginia,50
Tye,Renish,Genderfluid,South Dakota,43
Wynn,Pegden,Male,California,97
Mercie,Forrestor,Female,Ohio,99
Dennis,Maddick,Male,Florida,74
Nicole,Dmitrovic,Female,Michigan,79
Kienan,Aldridge,Male,Georgia,42
Kellia,Matteini,Female,Michigan,38
Woodman,Plumer,Non-binary,Illinois,33
Bernete,Proffitt,Female,Louisiana,69
Ward,Fulham,Male,California,58
Carlin,Duffit,Male,Louisiana,24
Sigvard,Abrahami,Male,Mississippi,96
Fred,Davidi,Female,Texas,38
Clemmy,Cafferty,Female,Louisiana,55
Morgan,Shurman,Male,Colorado,16
Mathias,Downham,Male,Indiana,96
Roderick,Glendza,Male,Michigan,67
Sydney,Larway,Female,Illinois,22
Barby,Schwaiger,Female,Georgia,25
Appolonia,Turl,Female,Tennessee,69
Domeniga,Grut,Genderfluid,Arizona,29
Sapphira,Anfosso,Female,Florida,61
Leighton,Clines,Male,Alabama,34
Petronia,Dayborne,Female,California,98
Alyss,Quick,Female,Texas,45
Flossy,Toolan,Female,Texas,17
Trip,Orrick,Male,Kansas,81
Torrey,Senten,Male,Massachusetts,92
Simonne,Childerley,Female,California,17
Steward,Conring,Male,Michigan,55
Albina,Klimushev,Female,Kentucky,33
Quinn,Jerzycowski,Male,Utah,32
Obie,Veel,Male,Texas,64
Jerald,Hurl,Male,Georgia,19
Lissie,Banisch,Female,New York,42
Eugen,Neeve,Male,Nevada,78
Tam,Gilks,Bigender,Michigan,29
Kalindi,Hardbattle,Female,New Mexico,42
Aland,Maffi,Male,Louisiana,61
Angel,Heinsen,Female,Virginia,96
Wenda,Seman,Female,Illinois,62
Rhianon,Bonhill,Female,Florida,59
Russell,Maffezzoli,Male,Texas,41
Allys,Sowood,Female,Alabama,88
Crosby,Melia,Male,South Carolina,49
Kiersten,Kruschev,Female,Kansas,17
Ninon,Waldram,Female,Ohio,62
Cornela,Lentsch,Genderqueer,Florida,90
Bren,Gaffer,Male,Texas,78
Cheston,Skynner,Male,Indiana,68
Malynda,Goldwater,Agender,Idaho,49
Tony,Checklin,Genderqueer,Texas,58
Germana,Anstice,Female,New York,31
Jade,Mayze,Polygender,Montana,94
Sheila-kathryn,Caldecourt,Female,Michigan,69
Babb,Parnall,Female,Texas,16
Eustacia,Hopkynson,Female,Texas,68
Myrta,Mines,Female,Maryland,70
Corrinne,Childe,Non-binary,Nevada,36
Lulita,Oldacres,Female,Florida,26
Rianon,Ridley,Female,Pennsylvania,48
Meridel,O'Shields,Female,Florida,48
Conni,Gavagan,Female,Florida,19
Guglielmo,Coventry,Male,Texas,34
Mort,Forber,Male,Michigan,81
Lionello,Avrahamian,Male,Mississippi,73
Barrett,Jent,Male,Missouri,78
Karim,Gould,Male,Connecticut,57
Osborne,Pena,Male,California,67
Rowe,Geaves,Female,District of Columbia,84
Wilie,Wyles,Bigender,Massachusetts,46
Barrett,Wanka,Genderfluid,Indiana,66
Zorine,McConachie,Female,Alabama,59
Chaddie,Adriaan,Male,Pennsylvania,53
Gwendolyn,Sarney,Female,New York,31
Nomi,McQuirter,Female,Wisconsin,51
Gwyneth,Fortye,Female,Indiana,96
Hugo,Paice,Male,Texas,84
Debora,Lomen,Agender,Texas,95
Kingsley,Aleksandrov,Male,California,42
Patton,Kirtley,Male,California,24
Emily,Dufore,Female,Colorado,52
Vania,Marrable,Agender,Texas,57
Cullen,Francescuzzi,Male,New Hampshire,16
Gusti,Moston,Female,North Carolina,22
Cori,Coghill,Male,Minnesota,95
Reagan,FitzGeorge,Male,Maryland,64
Elsbeth,Craythorn,Female,Florida,33
Jeannie,Petroselli,Female,Nevada,25
Melissa,Fellow,Female,Ohio,35
Gratiana,Gregolotti,Female,Texas,90
Elwood,Domican,Male,California,68
Lolly,Dochon,Non-binary,West Virginia,78
Marianna,Hesse,Female,Florida,31
Sander,Schutter,Male,Colorado,40
Paulette,Pedlow,Genderqueer,Texas,76
Meryl,Verrills,Male,California,88
Gasparo,Scriviner,Male,California,30
Leila,Sterrie,Polygender,California,74
Shannah,Clark,Female,Florida,63
Tiffie,Pichmann,Female,Texas,24
Ron,Coltart,Male,Illinois,23
Eve,Keogh,Female,Texas,87
Helene,Pettisall,Female,Missouri,31
Coriss,Marians,Female,Texas,60
Wini,Redborn,Female,Texas,17
Dolli,Aleksashin,Female,District of Columbia,69
Spense,Boycott,Male,Pennsylvania,41
Tory,Rizzo,Female,California,41
Krissie,Bettam,Female,Minnesota,96
Matthew,Caplin,Male,Texas,92
Marcelline,Vynall,Female,Missouri,27
Iggie,Dawley,Male,New York,77
Theodoric,Cocke,Male,Ohio,80
Valentine,Shilstone,Male,Texas,75
Donavon,Prewett,Male,Minnesota,66
Hunfredo,Btham,Male,Kentucky,77
Corette,Porcher,Female,Georgia,41
Stacy,Crutchley,Female,Iowa,61
Jeremie,Lortzing,Male,Pennsylvania,42
Colene,Baskeyfield,Female,Florida,59
Cleon,Daintier,Male,Texas,29
Dacey,Dunkerton,Bigender,Wisconsin,37
Nessie,Jayne,Female,Texas,83
Wernher,Hickisson,Male,Ohio,46
Lammond,Dwerryhouse,Male,Texas,80
Quintana,Eggleston,Genderfluid,Tennessee,55
Port,Bloxam,Male,California,85
Artur,Baltzar,Male,South Dakota,16
Smitty,Egre,Male,California,41
Sarette,Gianullo,Female,Iowa,35
Dasi,Sear,Female,Ohio,27
Beck,Jessopp,Male,District of Columbia,22
Cherida,Stovine,Female,District of Columbia,88
Arney,Dwight,Male,Maryland,69
Winston,Guisot,Male,Florida,19
Daune,Mateuszczyk,Female,Florida,51
Brett,Crow,Female,Louisiana,80
Christine,Burgwin,Female,Texas,19
Idell,Tibbetts,Female,Utah,19
Valery,Cantua,Female,Florida,79
Maye,Obert,Female,Massachusetts,79
Pip,Kerss,Male,Colorado,47
Glen,Pepler,Male,Texas,76
Leanna,Shadfourth,Female,Georgia,46
Monte,Daulby,Male,Louisiana,100
Joycelin,Hinken,Female,California,19
Corrie,Presidey,Male,Hawaii,58
Kirsten,Wherton,Female,Virginia,53
Chrissy,Bohin,Male,Ohio,38
Katrina,Whitsey,Agender,Massachusetts,89
Lela,Chrstine,Female,Texas,55
Leonardo,McCritchie,Non-binary,Texas,28
Christoffer,Glavias,Male,New York,20
Johannes,Laslett,Male,Ohio,88
Bernelle,Shawl,Female,New York,88
Nero,Vanderplas,Male,California,88
Lennie,Hansmann,Male,Florida,100
Silas,Catlow,Male,Texas,95
Averill,Batts,Male,Georgia,56
Lawry,Passy,Male,District of Columbia,28
Parry,Isbell,Male,California,27
Alvie,Deboick,Male,Washington,85
Dunn,Dangerfield,Non-binary,New York,87
Carly,Danniel,Female,Massachusetts,75
Darius,Treleaven,Male,Pennsylvania,89
Rachel,Ferguson,Female,Georgia,81
Royce,Tredwell,Male,Virginia,21
Ellsworth,Chinnick,Male,Michigan,65
Kalli,Foister,Female,Pennsylvania,67
Sauveur,Fruen,Male,Connecticut,98
Trudy,Rene,Female,District of Columbia,33
Flore,McPeake,Female,California,48
Henry,Erett,Bigender,New York,63
Charmane,Lampe,Genderfluid,Georgia,62
Trumann,Walster,Male,Pennsylvania,25
Aili,Crichten,Female,North Carolina,92
Marlie,Lardiner,Female,Virginia,73
Hanny,Emer,Female,Texas,68
Willie,Girardot,Male,California,18
Gaston,O' Bee,Male,Illinois,27
Angel,Salvin,Male,Indiana,17
Quentin,Flobert,Male,Illinois,42
Francyne,Grabban,Female,Tennessee,50
Cassandry,Earley,Female,North Carolina,60
Baillie,Linthead,Male,Tennessee,98
Olive,Klasing,Female,Minnesota,44
Astrid,Backen,Female,California,93
Xena,Gration,Female,Washington,100
Brooks,Tithecott,Bigender,Kansas,47
Marrilee,Beamish,Female,Texas,49
Clarey,Hazlehurst,Female,Minnesota,53
Virgil,Daysh,Male,New Jersey,79
Talyah,Mart,Female,Wisconsin,51
Riva,Honywill,Female,Virginia,38
Gothart,Gerrans,Male,Ohio,87
Fee,Gatheridge,Male,Louisiana,61
Richardo,Dannehl,Male,California,82
Chrissy,Scholfield,Female,Kentucky,18
Winn,Glanfield,Male,Illinois,93
Ariel,Wattam,Male,Florida,83
Fairlie,Goodlad,Male,California,78
Kessiah,Lenard,Female,Alabama,51
Gerome,Hargerie,Agender,Texas,53
Franky,Linay,Female,Texas,81
Ivor,Stilldale,Male,Ohio,78
Teodoro,Bittleson,Male,Arizona,32
Rochester,Banks,Genderqueer,Connecticut,56
Nathanael,Cotta,Male,Arizona,78
Lynsey,Bakes,Genderqueer,Alabama,70
Goraud,McCloch,Male,Texas,48
Edwin,Bergeau,Agender,South Carolina,31
Antoine,Prest,Male,Virginia,47
Alvera,Purdey,Female,Kansas,38
Kelby,Reinger,Male,Texas,37
Scotti,Houseago,Male,Missouri,53
Evangeline,Aberdein,Female,Indiana,61
Demetra,Aldus,Female,Maryland,40
Barnabas,Roxbrough,Male,Iowa,68
Morena,Richter,Agender,California,72
Dorelle,Guyet,Female,Arizona,68
Rowan,Leal,Male,Missouri,70
Constantina,Janaszkiewicz,Female,Arizona,64
Byrle,Legerton,Male,Florida,85
Yuma,Reidshaw,Male,Georgia,93
Luke,Saile,Male,Kentucky,58
Barrie,Tytcomb,Female,California,79
Hermine,Rikkard,Female,Florida,16
Victoria,Kelloch,Non-binary,Florida,30
Rollins,Sindle,Male,Missouri,67
Alis,Riddiough,Female,Illinois,69
Sarita,Booker,Female,West Virginia,20
Royall,Scholey,Male,Iowa,79
Ella,Duthie,Female,Washington,17
Leeann,Stoffers,Female,Nevada,81
Dunc,Salsberg,Male,California,44
Xylia,Spridgeon,Female,Colorado,93
Corbin,Taverner,Male,Kansas,43
Darby,Cradoc,Female,Virginia,19
Dimitri,Jakubovics,Male,Delaware,74
Miltie,Borrel,Male,Texas,51
Percy,Neissen,Male,California,97
Efren,Izak,Male,Texas,64
Conrad,Slorance,Male,Indiana,97
Elena,Grebert,Female,New York,65
Marice,McRinn,Female,Texas,16
Asa,Souttar,Male,Texas,63
Elwyn,Galia,Male,Virginia,42
Waldo,Tracey,Male,New Jersey,17
Matthias,Tollfree,Male,Nebraska,27
Salaidh,Bigham,Female,Florida,77
Dion,Whale,Bigender,Missouri,48
Sarina,Ryde,Female,California,62
Herminia,Goodliffe,Female,Ohio,92
Thomasin,Janjic,Female,Ohio,94
Ezri,Massy,Male,Arizona,36
Teressa,Smallpeice,Polygender,District of Columbia,73
Merrick,Overton,Male,District of Columbia,97
Albina,Doelle,Female,Texas,47
Sigfried,Charlson,Male,Texas,57
Ulrike,Fedorchenko,Female,Missouri,37
Jason,Beche,Male,Texas,50
Jayne,Crockett,Female,Nevada,31
Vilhelmina,Bunstone,Female,Tennessee,43
Lambert,Fontenot,Male,California,84
Elsworth,Sucre,Male,Virginia,87
Gottfried,Flann,Male,Virginia,17
Merlina,LLelweln,Non-binary,Florida,94
Benedict,Saunders,Male,Virginia,84
Mireille,Ruste,Female,Illinois,86
Andreana,Kloska,Female,Virginia,85
Aluin,Bolver,Polygender,Minnesota,59
Verge,Downton,Male,South Carolina,59
Caty,O'Doherty,Female,California,65
Carolina,Jouhning,Genderqueer,Maryland,58
Libbie,Tartt,Female,New York,83
Hube,Feye,Male,Texas,64
Jermaine,Ivel,Female,Maryland,59
Tanner,Baudesson,Male,Arizona,79
Aile,Eilhersen,Female,Colorado,80
Giovanni,Wrigley,Male,New Jersey,88
Valida,Tinton,Female,California,63
Celle,Presdie,Female,California,23
Marchall,Frotton,Male,Nevada,20
Lorne,Crowdy,Female,South Carolina,56
Fonz,Hackly,Male,West Virginia,58
Leopold,Faber,Male,Alabama,73
Emanuel,Lingner,Male,District of Columbia,54
Corinne,Whitcombe,Female,Nevada,59
Cello,Goodreid,Male,Wisconsin,16
Paulina,Baudinet,Female,Missouri,50
Janith,Girth,Female,California,57
Kennett,Swainston,Male,Texas,25
Krissy,Endacott,Female,Ohio,77
Meyer,Themann,Male,Georgia,17
Goldy,Burrage,Female,Texas,25
Salaidh,Thunders,Female,Texas,100
Jedd,Corneljes,Male,Indiana,75
Persis,Burley,Female,Virginia,55
Cindee,Lanham,Female,Georgia,91
Prinz,Buxsey,Male,Pennsylvania,37
Cyrille,Marryatt,Male,Colorado,43
Brose,Bowhey,Male,California,72
Emmalyn,Juarez,Female,Ohio,94
Kitty,Stillgoe,Female,Virginia,19
Blondell,Salery,Female,Texas,22
Charmane,Lilion,Female,Texas,50
Jase,Croydon,Agender,Georgia,17
Reynolds,Nabarro,Male,Florida,39
Maryellen,Hailey,Female,Wisconsin,92
Francis,Coade,Male,Alaska,66
Lucky,Matusson,Female,Florida,57
Xylia,Aitcheson,Female,Iowa,45
Carolann,Deinert,Female,Texas,76
Lyndell,Tallowin,Female,Indiana,62
Sheff,McJury,Male,Illinois,38
Quinlan,Fulloway,Male,Washington,48
Dwain,Carmont,Male,Florida,88
Collen,Mertin,Female,Michigan,63
Neille,Bullen,Female,Massachusetts,91
Ingunna,Carnell,Female,Texas,24
Roselin,Ilieve,Female,Michigan,91
Elmore,Schachter,Male,New Mexico,21
Eldredge,Cherry,Male,Texas,64
Birk,Gabby,Genderqueer,Florida,29
Erminie,Corder,Female,Texas,85
Tyrus,Mityushin,Male,Georgia,48
Bret,Semark,Male,California,78
Klara,Breeder,Female,California,86
Paco,Lenglet,Male,California,38
Peyter,Puckett,Male,Missouri,60
Delano,Cattellion,Male,Kentucky,43
Eziechiele,Tomankiewicz,Male,California,63
Ignace,Doore,Male,Texas,50
Eziechiele,Rickets,Genderqueer,Minnesota,21
Kalvin,Macura,Bigender,Mississippi,90
Pauly,Fergyson,Male,Ohio,88
Almeda,Aartsen,Female,Tennessee,86
Curcio,Capell,Male,Illinois,86
Belle,Rowles,Female,Indiana,36
Barbara,Densey,Female,Texas,85
Leonora,Riply,Female,Missouri,56
Clemmy,Mucklestone,Male,Missouri,86
Vassili,Derisley,Male,Pennsylvania,43
Felicle,Pidgley,Female,Texas,53
Mendie,Clohissy,Male,New York,67
Whitney,Forsdicke,Female,Florida,35
Dianna,De Anesy,Female,Texas,67
Valle,Fumagall,Bigender,Kansas,62
Bradley,Cosgreave,Polygender,Kansas,71
Syman,Evill,Male,New York,25
Thorpe,Sancias,Male,Arizona,81
Ellwood,Work,Male,Kansas,93
Wendell,Foulstone,Male,Idaho,92
Currey,MacKean,Male,District of Columbia,93
Jackson,Heggison,Male,Florida,87
Mallorie,Domenge,Female,Missouri,47
Pete,Collopy,Male,Illinois,84
Gae,Scarrisbrick,Female,Iowa,53
Mab,Bengall,Female,Texas,77
Lyell,Giddins,Male,Tennessee,90
Gabbie,Bawle,Female,Tennessee,18
Halsy,Di Bernardo,Male,Virginia,95
Conroy,Fishe,Male,New York,35
Benyamin,Bonny,Male,Florida,20
Cory,Rhubottom,Female,Illinois,67
Bordie,Moylane,Male,Missouri,65
Kelby,O'Cosgra,Male,Illinois,24
Wilow,Camm,Agender,Massachusetts,79
Jordanna,Colhoun,Female,North Carolina,40
Sven,Kliment,Male,Nevada,64
Ingrim,Dubois,Male,Minnesota,97
Lilly,Samsworth,Female,Nebraska,92
Astrix,Foro,Polygender,New York,77
Gearard,Bondar,Male,Ohio,51
Myriam,Holwell,Non-binary,New York,96
Ailyn,Gillebride,Female,Florida,96
Lauree,Creed,Female,Florida,62
Saundra,Dermott,Female,Missouri,72
Rip,Sattin,Male,Virginia,49
Kort,Billing,Male,California,26
Tedmund,Clopton,Male,Ohio,17
Sela,Van Schafflaer,Female,Pennsylvania,29
Torey,Spieck,Female,Pennsylvania,59
Drugi,Chesterman,Male,New Jersey,77
Gabriell,Peplay,Female,California,88
Olivette,Turpey,Female,Iowa,44
Abigael,Seif,Female,Arizona,54
Kristopher,Spittles,Male,Texas,73
Carlynn,Dell'Abbate,Female,Florida,66
Lilian,Thickin,Female,Alabama,76
Maribeth,Hyman,Female,New York,26
Cassie,D'Alessio,Male,Colorado,20
Nessy,Derle,Bigender,Washington,32
Staffard,Gundry,Male,Georgia,32
Yoshiko,Beaston,Female,Florida,20
Valencia,Garbar,Female,Virginia,88
Feliks,Coon,Male,Texas,95
Odelinda,Swire,Female,Mississippi,76
Adler,Chawkley,Male,Massachusetts,73
Galvin,Pischoff,Male,New Jersey,42
Clarence,Slides,Male,District of Columbia,88
Vicky,Spracklin,Female,California,79
Montague,Guyonneau,Male,New York,31
Sheffy,Kovalski,Male,West Virginia,67
Lindsey,Kearney,Male,District of Columbia,26
Demetri,Bakhrushin,Male,Louisiana,95
Isis,Kembley,Female,Virginia,71
Wesley,Laguerre,Male,District of Columbia,80
Farrah,Wallsworth,Female,Florida,67
Jackquelin,Demschke,Bigender,Texas,64
Barny,Van Waadenburg,Male,California,22
Adelice,Cowins,Female,Louisiana,43
Alaster,McMyler,Male,California,79
Ravi,Cowgill,Male,Florida,91
Opalina,Pods,Female,Texas,75
Aguie,Paddle,Male,Connecticut,78
Edin,Gamell,Female,Florida,72
Nadia,Andrzej,Female,Mississippi,80
Nicolea,Chillcot,Female,Kentucky,57
Dulcia,Loddon,Non-binary,Kansas,35
Rhys,Dollman,Male,Oklahoma,96
Beverley,Flaverty,Female,California,41
Tatum,Lippiatt,Female,Michigan,57
Steffi,Chattington,Female,Iowa,54
Carlos,Cartwright,Agender,Florida,58
Zerk,Rash,Male,California,100
Gray,Cordeix,Male,Texas,70
Pammi,McNeely,Female,Illinois,49
Dore,Bettesworth,Female,Minnesota,79
Gabe,Blaze,Male,New York,49
Guthrey,Langcaster,Male,Texas,16
Sonya,Stringfellow,Bigender,Michigan,26
Alene,Hick,Genderfluid,California,49
Ron,Leythley,Male,Michigan,98
Dante,Golledge,Male,California,60
Meghan,Everleigh,Female,California,48
Terese,Fearnside,Female,Oregon,61
Tiertza,Maylour,Genderqueer,New Jersey,79
Noble,Heiner,Male,Texas,70
Verine,Kinnane,Female,California,41
Sibel,Mackett,Female,Oklahoma,87
Edwin,Abadam,Male,Nevada,23
Gunter,Plumbe,Male,New York,28
Conn,Waldrum,Male,Ohio,78
Staford,Tolland,Male,Virginia,61
Nils,Bercher,Male,California,60
Guilbert,Lambird,Male,Pennsylvania,30
Olivette,Huckleby,Female,West Virginia,53
Breena,Bachelar,Female,Tennessee,66
Coral,Harriman,Genderqueer,Florida,40
Delaney,Petrozzi,Male,Missouri,81
Feodor,Vanichev,Male,Texas,47
Gussy,Ternouth,Female,Texas,70
Janos,Coate,Male,Indiana,95
Osborn,Comberbach,Male,Oregon,41
Indira,Bleeze,Female,Florida,60
Shandie,Toleman,Agender,Indiana,20
Perice,Auston,Male,Texas,99
Anjanette,Brea,Female,Virginia,29
Cindra,Worrall,Female,Georgia,77
Tuck,Stilwell,Male,Nevada,55
Wernher,Belchamber,Male,Florida,89
Baxy,Guise,Male,Maryland,50
Merna,McIlwrick,Female,California,79
Carol,Moar,Female,Kentucky,70
Lita,Lombardo,Female,Minnesota,35
Brynna,Fawlks,Non-binary,North Carolina,93
Burke,Garz,Male,California,69
Caressa,Puller,Female,Minnesota,60
Danya,O'Calleran,Male,Georgia,85
Kym,Newcome,Female,South Carolina,52
Delphine,Attwooll,Female,Florida,93
Kyle,Zoppie,Female,California,53
Ronald,Petrie,Male,Minnesota,23
Yetta,Lambart,Female,Arizona,82
Joeann,Vowels,Genderqueer,California,64
Junia,Mattam,Female,District of Columbia,25
Gardie,Cookes,Male,Michigan,52
Margaretta,Spada,Female,New York,39
Gratiana,Cattroll,Female,Illinois,61
Waylin,Fowkes,Male,Idaho,59
Estel,Fenge,Female,Florida,78
Wrennie,Davion,Genderfluid,Michigan,99
Cecilla,Leavry,Female,Virginia,39
Minnaminnie,Jewel,Female,North Carolina,48
Killy,Sandercroft,Male,Texas,59
Nap,Furnival,Male,Pennsylvania,58
Bobbie,Swinney,Female,Oklahoma,77
Marcello,Bonifacio,Agender,Georgia,51
Darbie,Brodley,Female,Texas,44
Uriel,Bernier,Male,Texas,62
Flemming,Organer,Male,Tennessee,17
Spence,Sodeau,Male,Texas,69
Deidre,Bapty,Female,New York,71
Krishna,Grunnell,Male,Alabama,78
Francisco,Giacopini,Polygender,Washington,77
Graehme,Mc Trusty,Male,Colorado,23
Bart,Boow,Male,North Dakota,82
Zorine,Deporte,Female,New York,99
Wenda,Byfford,Female,Maryland,47
Raimund,D'Ambrogio,Male,Texas,84
Alameda,Haywood,Female,Arkansas,17
Markus,Grealish,Male,District of Columbia,84
Cornelius,Simeoli,Male,Texas,26
Kane,Tivenan,Male,Michigan,54
Annmarie,Croxley,Female,Wisconsin,26
Ekaterina,Beardsdale,Female,Indiana,82
Boyd,Dewberry,Male,North Carolina,51
Micheil,Culham,Male,District of Columbia,81
Lynn,Hulles,Polygender,Pennsylvania,39
Wilmette,Gellert,Polygender,Connecticut,33
Gray,Kamiyama,Male,Missouri,66
Trenna,Chant,Agender,Pennsylvania,57
Tore,Beckles,Male,Georgia,40
Deeann,Pettican,Female,Alabama,19
Noell,Dahle,Female,Kentucky,87
Halli,Rudderham,Female,Illinois,24
Davidde,Pescud,Male,North Carolina,60
Sonni,Hartlebury,Female,Ohio,40
Simonne,Wallis,Non-binary,New York,53
Shermie,Stark,Male,Missouri,50
Lindsey,Simionescu,Female,Texas,33
Kilian,O'Loghlen,Bigender,Maryland,18
Freeland,Hrynczyk,Polygender,Indiana,29
Holly,Cambridge,Female,Hawaii,26
Darice,Peace,Female,Wisconsin,82
Alanson,Rehor,Male,New York,38
Esdras,Scandrick,Male,Kentucky,19
Renae,Benbough,Female,Utah,79
Winfield,Ainsbury,Male,Texas,20
Corrie,Whitebrook,Male,West Virginia,67
Belita,Cussins,Female,California,40
Rosalinda,Manes,Female,Massachusetts,79
Deana,Patis,Female,Pennsylvania,35
Lorene,Sebrook,Female,Tennessee,96
Neille,Callinan,Female,Missouri,95
Ariana,Stace,Female,Oklahoma,45
Weider,Vanin,Male,Ohio,56
Alano,Debrett,Male,North Carolina,26
Cello,Milmore,Male,Washington,56
Ardyth,Folcarelli,Female,Florida,23
Judon,Matthiae,Agender,Ohio,50
Delilah,Billborough,Female,New York,69
Willy,Roberds,Male,Indiana,100
Montgomery,Rohloff,Male,Connecticut,64
Albertina,Baud,Agender,California,62
Fee,Nowell,Male,Florida,81
Aeriel,Weall,Female,New York,38
Reeva,Adao,Female,California,20
Odele,Mollon,Female,Washington,100
Kenon,McCuthais,Male,Illinois,72
Elbertine,Funnell,Non-binary,Georgia,90
Brittney,Sarney,Female,Ohio,57
Sharity,Danilenko,Female,Virginia,73
Carlyle,Pettegree,Male,District of Columbia,61
Keelby,Whicher,Male,Florida,63
Wilmar,Valenti,Male,Louisiana,46
Burl,Yate,Male,Florida,19
Darline,Broad,Female,Louisiana,43
Jackson,Hollow,Male,Texas,51
Vittoria,Felderer,Female,Ohio,23
Clyde,Kinglake,Male,Illinois,61
Jessa,Shatford,Female,California,40
Sacha,Weekes,Female,Nevada,86
Amelita,Firks,Female,Missouri,62
Meggy,Rustidge,Female,California,67
Markus,Applewhite,Male,Virginia,79
Missy,Petow,Female,California,33
Candy,Bernette,Female,Colorado,34
Lucian,Fakes,Male,Ohio,68
Dorine,Bumphrey,Female,Missouri,65
Colet,Piner,Male,Texas,17
Cammi,Cridlon,Female,Texas,80
Doretta,Palfery,Female,District of Columbia,24
Bil,Paxton,Male,Florida,54
Keane,Studd,Male,Georgia,34
Carolee,Fishbourne,Female,District of Columbia,34
Drona,Etheredge,Female,Florida,48
Haslett,Worssam,Male,New York,74
Edgardo,Lyfield,Polygender,California,61
Mario,de Clercq,Male,North Carolina,74
Melinda,McCluskey,Female,Virginia,99
Roz,Lent,Female,New Mexico,92
Meghann,Biaggiotti,Female,Alaska,42
Caterina,Hanway,Female,Wisconsin,83
Tome,Courage,Male,California,60
Carlos,Haxby,Male,Tennessee,27
Brockie,Phare,Agender,Florida,78
Abby,Kleanthous,Female,New York,21
Jackqueline,Beldan,Female,Maryland,34
Teddie,Zanetti,Male,Kentucky,51
Bentley,Azema,Male,California,75
Aidan,Gothrup,Female,South Carolina,100
Carola,Sterrie,Female,Kentucky,37
Kendre,Lymer,Female,Virginia,77
Kalila,Langhor,Female,Pennsylvania,78
Thoma,Chad,Male,Indiana,18
Emeline,Towlson,Female,Illinois,94
Kathryn,Frowing,Female,Illinois,49
Robyn,Wagerfield,Female,Florida,69
Noll,Jahns,Male,Texas,66
Sheffield,Prendiville,Male,Florida,46
Maurice,McCaskell,Male,Florida,19
Lorie,Gridon,Female,Oklahoma,42
Rozella,Lesly,Female,Illinois,44
Yolane,Moreland,Female,Texas,26
Ive,Antonich,Male,New York,99
Rriocard,Lardiner,Male,Arizona,97
Sergent,Saich,Male,Virginia,100
Northrop,O'Criane,Polygender,Texas,73
Mallissa,Raybould,Agender,New York,58
Melesa,Merriton,Female,Ohio,32
Lew,Stenyng,Male,Alabama,54
Helsa,Drinkel,Female,District of Columbia,53
Margalo,Hissie,Genderqueer,Tennessee,81
Laurene,Kopp,Female,District of Columbia,64
Jeramie,Trownson,Male,Illinois,81
Jane,Ayrton,Agender,Texas,77
Oriana,Dodsworth,Female,Kansas,53
Bard,Dalziell,Male,Oregon,89
Lane,Lago,Polygender,Illinois,68
Jacinthe,Reneke,Female,District of Columbia,56
Nichol,Staggs,Female,California,91
Trstram,Hiner,Male,Georgia,69
Chastity,Shailer,Female,California,46
Dalis,Bennedick,Non-binary,Colorado,84
Cammie,Candlish,Female,Florida,38
Stanford,Picknett,Male,Virginia,98
Alia,Goldster,Female,New Mexico,58
Joe,Chrisp,Male,California,49
